Workbook
Name BAO_HIEM_ABIC: CARD!$J$2:$J$3
Name CHI_TIET_LOAI_KH: CHI_TIET_LOAI_KH!$B$2:$B$4
Name DOI_TUONG_MIEN_PHI: DOI_TUONG_MIEN_PHI!$B$2:$B$15
Name GIOI_TINH: GIOI_TINH!$B$2:$B$3
Name HINH_THUC_NHAN: CARD!$B$2:$B$3
Name HINH_THUC_PHAT_HANH: CARD!$F$2:$F$3
Name LOAI_DIA_CHI: LOAI_DIA_CHI!$B$2:$B$3
Name LOAI_ID: LOAI_ID!$B$2
Name LOAI_THE: LOAI_THE!$B$2:$B$5
Name LOAI_THUE: LOAI_THUE!$B$2
Name NGHE_NGHIEP: NGHE_NGHIEP!$B$2:$B$23
Name NOI_CAP: NOI_CAP!$B$2:$B$3701
Name PHUONG_XA: PHUONG_XA!$B$2:$B$3323
Name QUOC_GIA: QUOC_GIA!$B$2
Name TINH_TP: TINH_TP!$B$2:$B$35

Sheet DANG_KY_MOI
A1: FILE DÀNH CHO KHÁCH HÀNG MỞ MỚI CIF: Ghi chú: + File được sử dụng trong trường hợp đăng ký mới khách hàng. + Giá trị * là các trường thông tin bắt buộc nhập. + Trường Địa chỉ 1 bắt buộc nhập số nhà, tên hẻm, tên nghách, tên đường (Nhập tối đa 35 ký tự trường hợp địa chỉ 1 dài quá 35 ký tự vui lòng nhập tiếp sang Địa chỉ 2). + Đăng ký SMS Banking, Agribankplus, phát hành thẻ ghi nợ bắt buộc phải đăng ký mở tài khoản thanh toán.
A2: KHÁCH HÀNG | G2: THÔNG TIN CÁ NHÂN | AN2: TÀI KHOẢN THANH TOÁN | AQ2: SMS BANKING | AR2: AGRIBANKPLUS | AS2: PHÁT HÀNH THẺ GHI NỢ
A3: STT | B3: Tên tiếng việt* | C3: Tên viết tắt* | D3: Tên tiếng anh* | E3: Tên tiếng anh viết tắt* | F3: Ngày sinh* | G3: Giới tính* | I3: Điện thoại di động* | J3: Quốc tịch* | L3: Tình trạng cư trú * | M3: Loại thuế* | O3: Chi tiết loại KH* | Q3: Nghề nghiệp* | S3: Loại ID* | U3: Số ID* | V3: Số ID cũ | W3: Ngày cấp* | X3: Ngày hết hạn* | Y3: Vô thời hạn | Z3: Nơi cấp* | AB3: Loại địa chỉ* | AD3: Quốc gia* | AF3: Tỉnh/TP* | AH3: Phường/xã* | AJ3: Địa chỉ 1* | AK3: Địa chỉ 2 | AL3: Địa chỉ 3 | AM3: Email | AN3: Đăng ký TKTT | AO3: Loại sản phẩm | AP3: Ghi chú | AQ3: Đăng ký SMS | AR3: Đăng ký AgribankPlus | AS3: Phát hành thẻ ghi nợ | AT3: Loại thẻ* | AV3: Hình thức nhận thẻ* | AW3: Hình thức phát hành* | AX3: Bảo hiểm ABIC* | AY3: Đối tượng miễn phí*
A4: 1 | B4: Nguyễn Văn A | C4: Nguyễn Văn A | D4: NGUYEN VAN A | E4: NGUYEN VAN A | F4: 20000901 | G4: =IF(ISNUMBER(MATCH(H4,GIOI_TINH!$B:$B,0)),INDEX(GIOI_TINH!$A:$A,MATCH(H4,GIOI_TINH!$B:$B,0)),"") -> 01 | H4: Nam | I4: 0899000900 | J4: =IF(ISNUMBER(MATCH(K4,QUOC_GIA!$B:$B,0)),INDEX(QUOC_GIA!$A:$A,MATCH(K4,QUOC_GIA!$B:$B,0)),"") -> VN | K4: VIETNAM | L4: Y | M4: =IF(ISNUMBER(MATCH(N4,LOAI_THUE!$B:$B,0)),INDEX(LOAI_THUE!$A:$A,MATCH(N4,LOAI_THUE!$B:$B,0)),"") -> 1001 | N4: Cá nhân | O4: =IF(ISNUMBER(MATCH(P4,CHI_TIET_LOAI_KH!$B:$B,0)),INDEX(CHI_TIET_LOAI_KH!$A:$A,MATCH(P4,CHI_TIET_LOAI_KH!$B:$B,0)),"") -> 101 | P4: Tư nhân | Q4: =IF(ISNUMBER(MATCH(R4,NGHE_NGHIEP!$B:$B,0)),INDEX(NGHE_NGHIEP!$A:$A,MATCH(R4,NGHE_NGHIEP!$B:$B,0)),"") -> 20 | R4: Học sinh | S4: =IF(ISNUMBER(MATCH(T4,LOAI_ID!$B:$B,0)),INDEX(LOAI_ID!$A:$A,MATCH(T4,LOAI_ID!$B:$B,0)),"") -> 01 | T4: Chứng minh thư/Thẻ căn cước công dân | U4: 00130999902 | W4: 20241001 | X4: 20300902 | Y4: N | Z4: 051 | AA4: =IFERROR(INDEX(NOI_CAP!$B:$B,MATCH(Z4,NOI_CAP!$A:$A,0)),"") -> Hội cựu chiến binh Việt Nam | AB4: =IF(ISNUMBER(MATCH(AC4,LOAI_DIA_CHI!$B:$B,0)),INDEX(LOAI_DIA_CHI!$A:$A,MATCH(AC4,LOAI_DIA_CHI!$B:$B,0)),"") -> 02 | AC4: Nơi làm việc | AD4: =IF(ISNUMBER(MATCH(AE4,QUOC_GIA!$B:$B,0)),INDEX(QUOC_GIA!$A:$A,MATCH(AE4,QUOC_GIA!$B:$B,0)),"") -> VN | AE4: VIETNAM | AF4: 581 | AG4: =IFERROR(INDEX(TINH_TP!$B:$B,MATCH(AF4,TINH_TP!$A:$A,0)),"") -> TP Đồng Nai | AH4: 5810001 | AI4: =IF(OR(AF4="",AH4=""),"",IF(COUNTIFS(PHUONG_XA!$A$2:$A$3323,AH4,PHUONG_XA!$C$2:$C$3323,AF4)=0,"",INDEX(PHUONG_XA!$B$2:$B$3323,SUMPRODUCT((PHUONG_XA!$A$2:$A$3323&""=AH4&"")*(PHUONG_XA!$C$2:$C$3323&""=AF4&"")*(ROW(PHUONG_XA!$A$2:$A$3323)-ROW(PHUONG_XA!$A$2)+1))))) -> Phường An Lộc | AJ4: Số nhà 12, Ngõ 64 | AL4: =IF(OR(AI4="",AG4=""),"",SUBSTITUTE(SUBSTITUTE(AI4,"Phường","P."),"Xã","X.")&", "&SUBSTITUTE(SUBSTITUTE(AG4,"Thành phố","TP."),"Tỉnh","T.")) -> P. An Lộc, TP Đồng Nai | AN4: Y | AO4: 220 | AP4: Mở tài TK SV 220 | AQ4: Y | AR4: Y | AS4: Y | AT4: =IF(ISNUMBER(MATCH(AU4,LOAI_THE!$B:$B,0)),INDEX(LOAI_THE!$A:$A,MATCH(AU4,LOAI_THE!$B:$B,0)),"") -> NNC | AU4: Thẻ ghi nợ nội địa Success hạng chuẩn - Đối tượng KH Dự án NNNT | AV4: POST | AW4: NORMAL | AX4: 0 | AY4: Miễn phí PHT đối tượng KH Sinh viên - VB 14266/NHNo-KHCN
A5: 2 | B5: Nguyễn Văn B | C5: Nguyễn Văn B | D5: NGUYEN VAN B | E5: NGUYEN VAN B | F5: 20000902 | G5: =IF(ISNUMBER(MATCH(H5,GIOI_TINH!$B:$B,0)),INDEX(GIOI_TINH!$A:$A,MATCH(H5,GIOI_TINH!$B:$B,0)),"") -> 01 | H5: Nam | I5: 0899000901 | J5: =IF(ISNUMBER(MATCH(K5,QUOC_GIA!$B:$B,0)),INDEX(QUOC_GIA!$A:$A,MATCH(K5,QUOC_GIA!$B:$B,0)),"") -> VN | K5: VIETNAM | L5: Y | M5: =IF(ISNUMBER(MATCH(N5,LOAI_THUE!$B:$B,0)),INDEX(LOAI_THUE!$A:$A,MATCH(N5,LOAI_THUE!$B:$B,0)),"") -> 1001 | N5: Cá nhân | O5: =IF(ISNUMBER(MATCH(P5,CHI_TIET_LOAI_KH!$B:$B,0)),INDEX(CHI_TIET_LOAI_KH!$A:$A,MATCH(P5,CHI_TIET_LOAI_KH!$B:$B,0)),"") -> 101 | P5: Tư nhân | Q5: =IF(ISNUMBER(MATCH(R5,NGHE_NGHIEP!$B:$B,0)),INDEX(NGHE_NGHIEP!$A:$A,MATCH(R5,NGHE_NGHIEP!$B:$B,0)),"") -> 20 | R5: Học sinh | S5: =IF(ISNUMBER(MATCH(T5,LOAI_ID!$B:$B,0)),INDEX(LOAI_ID!$A:$A,MATCH(T5,LOAI_ID!$B:$B,0)),"") -> 01 | T5: Chứng minh thư/Thẻ căn cước công dân | U5: 00130999903 | W5: 20240901 | X5: 20300902 | Y5: N | Z5: 318 | AA5: =IFERROR(INDEX(NOI_CAP!$B:$B,MATCH(Z5,NOI_CAP!$A:$A,0)),"") -> Cục CSQLHC về TTXH | AB5: =IF(ISNUMBER(MATCH(AC5,LOAI_DIA_CHI!$B:$B,0)),INDEX(LOAI_DIA_CHI!$A:$A,MATCH(AC5,LOAI_DIA_CHI!$B:$B,0)),"") -> 01 | AC5: Nơi ở | AD5: =IF(ISNUMBER(MATCH(AE5,QUOC_GIA!$B:$B,0)),INDEX(QUOC_GIA!$A:$A,MATCH(AE5,QUOC_GIA!$B:$B,0)),"") -> VN | AE5: VIETNAM | AF5: 721 | AG5: =IFERROR(INDEX(TINH_TP!$B:$B,MATCH(AF5,TINH_TP!$A:$A,0)),"") -> Tỉnh Cà Mau | AH5: 7210064 | AI5: =IF(OR(AF5="",AH5=""),"",IF(COUNTIFS(PHUONG_XA!$A$2:$A$3323,AH5,PHUONG_XA!$C$2:$C$3323,AF5)=0,"",INDEX(PHUONG_XA!$B$2:$B$3323,SUMPRODUCT((PHUONG_XA!$A$2:$A$3323&""=AH5&"")*(PHUONG_XA!$C$2:$C$3323&""=AF5&"")*(ROW(PHUONG_XA!$A$2:$A$3323)-ROW(PHUONG_XA!$A$2)+1))))) -> Xã Vĩnh Thanh | AJ5: Số nhà 12, Ngõ 65 | AL5: =IF(OR(AI5="",AG5=""),"",SUBSTITUTE(SUBSTITUTE(AI5,"Phường","P."),"Xã","X.")&", "&SUBSTITUTE(SUBSTITUTE(AG5,"Thành phố","TP."),"Tỉnh","T.")) -> X. Vĩnh Thanh, T. Cà Mau | AN5: Y | AO5: 205 | AP5: Mở tài TKTT | AQ5: Y | AR5: Y | AS5: Y | AT5: =IF(ISNUMBER(MATCH(AU5,LOAI_THE!$B:$B,0)),INDEX(LOAI_THE!$A:$A,MATCH(AU5,LOAI_THE!$B:$B,0)),"") -> Success | AU5: Thẻ ghi nợ nội địa Success hạng chuẩn | AV5: POST | AW5: NORMAL | AX5: 0 | AY5: Miễn phí PHT đối tượng KH Sinh viên - VB 14266/NHNo-KHCN
A6: 3 | G6: =IF(ISNUMBER(MATCH(H6,GIOI_TINH!$B:$B,0)),INDEX(GIOI_TINH!$A:$A,MATCH(H6,GIOI_TINH!$B:$B,0)),"") | J6: =IF(ISNUMBER(MATCH(K6,QUOC_GIA!$B:$B,0)),INDEX(QUOC_GIA!$A:$A,MATCH(K6,QUOC_GIA!$B:$B,0)),"") | M6: =IF(ISNUMBER(MATCH(N6,LOAI_THUE!$B:$B,0)),INDEX(LOAI_THUE!$A:$A,MATCH(N6,LOAI_THUE!$B:$B,0)),"") | O6: =IF(ISNUMBER(MATCH(P6,CHI_TIET_LOAI_KH!$B:$B,0)),INDEX(CHI_TIET_LOAI_KH!$A:$A,MATCH(P6,CHI_TIET_LOAI_KH!$B:$B,0)),"") | Q6: =IF(ISNUMBER(MATCH(R6,NGHE_NGHIEP!$B:$B,0)),INDEX(NGHE_NGHIEP!$A:$A,MATCH(R6,NGHE_NGHIEP!$B:$B,0)),"") | S6: =IF(ISNUMBER(MATCH(T6,LOAI_ID!$B:$B,0)),INDEX(LOAI_ID!$A:$A,MATCH(T6,LOAI_ID!$B:$B,0)),"") | AA6: =IFERROR(INDEX(NOI_CAP!$B:$B,MATCH(Z6,NOI_CAP!$A:$A,0)),"") | AB6: =IF(ISNUMBER(MATCH(AC6,LOAI_DIA_CHI!$B:$B,0)),INDEX(LOAI_DIA_CHI!$A:$A,MATCH(AC6,LOAI_DIA_CHI!$B:$B,0)),"") | AD6: =IF(ISNUMBER(MATCH(AE6,QUOC_GIA!$B:$B,0)),INDEX(QUOC_GIA!$A:$A,MATCH(AE6,QUOC_GIA!$B:$B,0)),"") | AG6: =IFERROR(INDEX(TINH_TP!$B:$B,MATCH(AF6,TINH_TP!$A:$A,0)),"") | AI6: =IF(OR(AF6="",AH6=""),"",IF(COUNTIFS(PHUONG_XA!$A$2:$A$3323,AH6,PHUONG_XA!$C$2:$C$3323,AF6)=0,"",INDEX(PHUONG_XA!$B$2:$B$3323,SUMPRODUCT((PHUONG_XA!$A$2:$A$3323&""=AH6&"")*(PHUONG_XA!$C$2:$C$3323&""=AF6&"")*(ROW(PHUONG_XA!$A$2:$A$3323)-ROW(PHUONG_XA!$A$2)+1))))) | AL6: =IF(OR(AI6="",AG6=""),"",SUBSTITUTE(SUBSTITUTE(AI6,"Phường","P."),"Xã","X.")&", "&SUBSTITUTE(SUBSTITUTE(AG6,"Thành phố","TP."),"Tỉnh","T.")) | AT6: =IF(ISNUMBER(MATCH(AU6,LOAI_THE!$B:$B,0)),INDEX(LOAI_THE!$A:$A,MATCH(AU6,LOAI_THE!$B:$B,0)),"")
A7: 4 | G7: =IF(ISNUMBER(MATCH(H7,GIOI_TINH!$B:$B,0)),INDEX(GIOI_TINH!$A:$A,MATCH(H7,GIOI_TINH!$B:$B,0)),"") | J7: =IF(ISNUMBER(MATCH(K7,QUOC_GIA!$B:$B,0)),INDEX(QUOC_GIA!$A:$A,MATCH(K7,QUOC_GIA!$B:$B,0)),"") | M7: =IF(ISNUMBER(MATCH(N7,LOAI_THUE!$B:$B,0)),INDEX(LOAI_THUE!$A:$A,MATCH(N7,LOAI_THUE!$B:$B,0)),"") | O7: =IF(ISNUMBER(MATCH(P7,CHI_TIET_LOAI_KH!$B:$B,0)),INDEX(CHI_TIET_LOAI_KH!$A:$A,MATCH(P7,CHI_TIET_LOAI_KH!$B:$B,0)),"") | Q7: =IF(ISNUMBER(MATCH(R7,NGHE_NGHIEP!$B:$B,0)),INDEX(NGHE_NGHIEP!$A:$A,MATCH(R7,NGHE_NGHIEP!$B:$B,0)),"") | S7: =IF(ISNUMBER(MATCH(T7,LOAI_ID!$B:$B,0)),INDEX(LOAI_ID!$A:$A,MATCH(T7,LOAI_ID!$B:$B,0)),"") | AA7: =IFERROR(INDEX(NOI_CAP!$B:$B,MATCH(Z7,NOI_CAP!$A:$A,0)),"") | AB7: =IF(ISNUMBER(MATCH(AC7,LOAI_DIA_CHI!$B:$B,0)),INDEX(LOAI_DIA_CHI!$A:$A,MATCH(AC7,LOAI_DIA_CHI!$B:$B,0)),"") | AD7: =IF(ISNUMBER(MATCH(AE7,QUOC_GIA!$B:$B,0)),INDEX(QUOC_GIA!$A:$A,MATCH(AE7,QUOC_GIA!$B:$B,0)),"") | AG7: =IFERROR(INDEX(TINH_TP!$B:$B,MATCH(AF7,TINH_TP!$A:$A,0)),"") | AI7: =IF(OR(AF7="",AH7=""),"",IF(COUNTIFS(PHUONG_XA!$A$2:$A$3323,AH7,PHUONG_XA!$C$2:$C$3323,AF7)=0,"",INDEX(PHUONG_XA!$B$2:$B$3323,SUMPRODUCT((PHUONG_XA!$A$2:$A$3323&""=AH7&"")*(PHUONG_XA!$C$2:$C$3323&""=AF7&"")*(ROW(PHUONG_XA!$A$2:$A$3323)-ROW(PHUONG_XA!$A$2)+1))))) | AL7: =IF(OR(AI7="",AG7=""),"",SUBSTITUTE(SUBSTITUTE(AI7,"Phường","P."),"Xã","X.")&", "&SUBSTITUTE(SUBSTITUTE(AG7,"Thành phố","TP."),"Tỉnh","T.")) | AT7: =IF(ISNUMBER(MATCH(AU7,LOAI_THE!$B:$B,0)),INDEX(LOAI_THE!$A:$A,MATCH(AU7,LOAI_THE!$B:$B,0)),"")
A8: 5 | G8: =IF(ISNUMBER(MATCH(H8,GIOI_TINH!$B:$B,0)),INDEX(GIOI_TINH!$A:$A,MATCH(H8,GIOI_TINH!$B:$B,0)),"") | J8: =IF(ISNUMBER(MATCH(K8,QUOC_GIA!$B:$B,0)),INDEX(QUOC_GIA!$A:$A,MATCH(K8,QUOC_GIA!$B:$B,0)),"") | M8: =IF(ISNUMBER(MATCH(N8,LOAI_THUE!$B:$B,0)),INDEX(LOAI_THUE!$A:$A,MATCH(N8,LOAI_THUE!$B:$B,0)),"") | O8: =IF(ISNUMBER(MATCH(P8,CHI_TIET_LOAI_KH!$B:$B,0)),INDEX(CHI_TIET_LOAI_KH!$A:$A,MATCH(P8,CHI_TIET_LOAI_KH!$B:$B,0)),"") | Q8: =IF(ISNUMBER(MATCH(R8,NGHE_NGHIEP!$B:$B,0)),INDEX(NGHE_NGHIEP!$A:$A,MATCH(R8,NGHE_NGHIEP!$B:$B,0)),"") | S8: =IF(ISNUMBER(MATCH(T8,LOAI_ID!$B:$B,0)),INDEX(LOAI_ID!$A:$A,MATCH(T8,LOAI_ID!$B:$B,0)),"") | AA8: =IFERROR(INDEX(NOI_CAP!$B:$B,MATCH(Z8,NOI_CAP!$A:$A,0)),"") | AB8: =IF(ISNUMBER(MATCH(AC8,LOAI_DIA_CHI!$B:$B,0)),INDEX(LOAI_DIA_CHI!$A:$A,MATCH(AC8,LOAI_DIA_CHI!$B:$B,0)),"") | AD8: =IF(ISNUMBER(MATCH(AE8,QUOC_GIA!$B:$B,0)),INDEX(QUOC_GIA!$A:$A,MATCH(AE8,QUOC_GIA!$B:$B,0)),"") | AG8: =IFERROR(INDEX(TINH_TP!$B:$B,MATCH(AF8,TINH_TP!$A:$A,0)),"") | AI8: =IF(OR(AF8="",AH8=""),"",IF(COUNTIFS(PHUONG_XA!$A$2:$A$3323,AH8,PHUONG_XA!$C$2:$C$3323,AF8)=0,"",INDEX(PHUONG_XA!$B$2:$B$3323,SUMPRODUCT((PHUONG_XA!$A$2:$A$3323&""=AH8&"")*(PHUONG_XA!$C$2:$C$3323&""=AF8&"")*(ROW(PHUONG_XA!$A$2:$A$3323)-ROW(PHUONG_XA!$A$2)+1))))) | AL8: =IF(OR(AI8="",AG8=""),"",SUBSTITUTE(SUBSTITUTE(AI8,"Phường","P."),"Xã","X.")&", "&SUBSTITUTE(SUBSTITUTE(AG8,"Thành phố","TP."),"Tỉnh","T.")) | AT8: =IF(ISNUMBER(MATCH(AU8,LOAI_THE!$B:$B,0)),INDEX(LOAI_THE!$A:$A,MATCH(AU8,LOAI_THE!$B:$B,0)),"")
A9: 6 | G9: =IF(ISNUMBER(MATCH(H9,GIOI_TINH!$B:$B,0)),INDEX(GIOI_TINH!$A:$A,MATCH(H9,GIOI_TINH!$B:$B,0)),"") | J9: =IF(ISNUMBER(MATCH(K9,QUOC_GIA!$B:$B,0)),INDEX(QUOC_GIA!$A:$A,MATCH(K9,QUOC_GIA!$B:$B,0)),"") | M9: =IF(ISNUMBER(MATCH(N9,LOAI_THUE!$B:$B,0)),INDEX(LOAI_THUE!$A:$A,MATCH(N9,LOAI_THUE!$B:$B,0)),"") | O9: =IF(ISNUMBER(MATCH(P9,CHI_TIET_LOAI_KH!$B:$B,0)),INDEX(CHI_TIET_LOAI_KH!$A:$A,MATCH(P9,CHI_TIET_LOAI_KH!$B:$B,0)),"") | Q9: =IF(ISNUMBER(MATCH(R9,NGHE_NGHIEP!$B:$B,0)),INDEX(NGHE_NGHIEP!$A:$A,MATCH(R9,NGHE_NGHIEP!$B:$B,0)),"") | S9: =IF(ISNUMBER(MATCH(T9,LOAI_ID!$B:$B,0)),INDEX(LOAI_ID!$A:$A,MATCH(T9,LOAI_ID!$B:$B,0)),"") | AA9: =IFERROR(INDEX(NOI_CAP!$B:$B,MATCH(Z9,NOI_CAP!$A:$A,0)),"") | AB9: =IF(ISNUMBER(MATCH(AC9,LOAI_DIA_CHI!$B:$B,0)),INDEX(LOAI_DIA_CHI!$A:$A,MATCH(AC9,LOAI_DIA_CHI!$B:$B,0)),"") | AD9: =IF(ISNUMBER(MATCH(AE9,QUOC_GIA!$B:$B,0)),INDEX(QUOC_GIA!$A:$A,MATCH(AE9,QUOC_GIA!$B:$B,0)),"") | AG9: =IFERROR(INDEX(TINH_TP!$B:$B,MATCH(AF9,TINH_TP!$A:$A,0)),"") | AI9: =IF(OR(AF9="",AH9=""),"",IF(COUNTIFS(PHUONG_XA!$A$2:$A$3323,AH9,PHUONG_XA!$C$2:$C$3323,AF9)=0,"",INDEX(PHUONG_XA!$B$2:$B$3323,SUMPRODUCT((PHUONG_XA!$A$2:$A$3323&""=AH9&"")*(PHUONG_XA!$C$2:$C$3323&""=AF9&"")*(ROW(PHUONG_XA!$A$2:$A$3323)-ROW(PHUONG_XA!$A$2)+1))))) | AL9: =IF(OR(AI9="",AG9=""),"",SUBSTITUTE(SUBSTITUTE(AI9,"Phường","P."),"Xã","X.")&", "&SUBSTITUTE(SUBSTITUTE(AG9,"Thành phố","TP."),"Tỉnh","T.")) | AT9: =IF(ISNUMBER(MATCH(AU9,LOAI_THE!$B:$B,0)),INDEX(LOAI_THE!$A:$A,MATCH(AU9,LOAI_THE!$B:$B,0)),"")
A10: 7 | G10: =IF(ISNUMBER(MATCH(H10,GIOI_TINH!$B:$B,0)),INDEX(GIOI_TINH!$A:$A,MATCH(H10,GIOI_TINH!$B:$B,0)),"") | J10: =IF(ISNUMBER(MATCH(K10,QUOC_GIA!$B:$B,0)),INDEX(QUOC_GIA!$A:$A,MATCH(K10,QUOC_GIA!$B:$B,0)),"") | M10: =IF(ISNUMBER(MATCH(N10,LOAI_THUE!$B:$B,0)),INDEX(LOAI_THUE!$A:$A,MATCH(N10,LOAI_THUE!$B:$B,0)),"") | O10: =IF(ISNUMBER(MATCH(P10,CHI_TIET_LOAI_KH!$B:$B,0)),INDEX(CHI_TIET_LOAI_KH!$A:$A,MATCH(P10,CHI_TIET_LOAI_KH!$B:$B,0)),"") | Q10: =IF(ISNUMBER(MATCH(R10,NGHE_NGHIEP!$B:$B,0)),INDEX(NGHE_NGHIEP!$A:$A,MATCH(R10,NGHE_NGHIEP!$B:$B,0)),"") | S10: =IF(ISNUMBER(MATCH(T10,LOAI_ID!$B:$B,0)),INDEX(LOAI_ID!$A:$A,MATCH(T10,LOAI_ID!$B:$B,0)),"") | AA10: =IFERROR(INDEX(NOI_CAP!$B:$B,MATCH(Z10,NOI_CAP!$A:$A,0)),"") | AB10: =IF(ISNUMBER(MATCH(AC10,LOAI_DIA_CHI!$B:$B,0)),INDEX(LOAI_DIA_CHI!$A:$A,MATCH(AC10,LOAI_DIA_CHI!$B:$B,0)),"") | AD10: =IF(ISNUMBER(MATCH(AE10,QUOC_GIA!$B:$B,0)),INDEX(QUOC_GIA!$A:$A,MATCH(AE10,QUOC_GIA!$B:$B,0)),"") | AG10: =IFERROR(INDEX(TINH_TP!$B:$B,MATCH(AF10,TINH_TP!$A:$A,0)),"") | AI10: =IF(OR(AF10="",AH10=""),"",IF(COUNTIFS(PHUONG_XA!$A$2:$A$3323,AH10,PHUONG_XA!$C$2:$C$3323,AF10)=0,"",INDEX(PHUONG_XA!$B$2:$B$3323,SUMPRODUCT((PHUONG_XA!$A$2:$A$3323&""=AH10&"")*(PHUONG_XA!$C$2:$C$3323&""=AF10&"")*(ROW(PHUONG_XA!$A$2:$A$3323)-ROW(PHUONG_XA!$A$2)+1))))) | AL10: =IF(OR(AI10="",AG10=""),"",SUBSTITUTE(SUBSTITUTE(AI10,"Phường","P."),"Xã","X.")&", "&SUBSTITUTE(SUBSTITUTE(AG10,"Thành phố","TP."),"Tỉnh","T.")) | AT10: =IF(ISNUMBER(MATCH(AU10,LOAI_THE!$B:$B,0)),INDEX(LOAI_THE!$A:$A,MATCH(AU10,LOAI_THE!$B:$B,0)),"")
A11: 8 | G11: =IF(ISNUMBER(MATCH(H11,GIOI_TINH!$B:$B,0)),INDEX(GIOI_TINH!$A:$A,MATCH(H11,GIOI_TINH!$B:$B,0)),"") | J11: =IF(ISNUMBER(MATCH(K11,QUOC_GIA!$B:$B,0)),INDEX(QUOC_GIA!$A:$A,MATCH(K11,QUOC_GIA!$B:$B,0)),"") | M11: =IF(ISNUMBER(MATCH(N11,LOAI_THUE!$B:$B,0)),INDEX(LOAI_THUE!$A:$A,MATCH(N11,LOAI_THUE!$B:$B,0)),"") | O11: =IF(ISNUMBER(MATCH(P11,CHI_TIET_LOAI_KH!$B:$B,0)),INDEX(CHI_TIET_LOAI_KH!$A:$A,MATCH(P11,CHI_TIET_LOAI_KH!$B:$B,0)),"") | Q11: =IF(ISNUMBER(MATCH(R11,NGHE_NGHIEP!$B:$B,0)),INDEX(NGHE_NGHIEP!$A:$A,MATCH(R11,NGHE_NGHIEP!$B:$B,0)),"") | S11: =IF(ISNUMBER(MATCH(T11,LOAI_ID!$B:$B,0)),INDEX(LOAI_ID!$A:$A,MATCH(T11,LOAI_ID!$B:$B,0)),"") | AA11: =IFERROR(INDEX(NOI_CAP!$B:$B,MATCH(Z11,NOI_CAP!$A:$A,0)),"") | AB11: =IF(ISNUMBER(MATCH(AC11,LOAI_DIA_CHI!$B:$B,0)),INDEX(LOAI_DIA_CHI!$A:$A,MATCH(AC11,LOAI_DIA_CHI!$B:$B,0)),"") | AD11: =IF(ISNUMBER(MATCH(AE11,QUOC_GIA!$B:$B,0)),INDEX(QUOC_GIA!$A:$A,MATCH(AE11,QUOC_GIA!$B:$B,0)),"") | AG11: =IFERROR(INDEX(TINH_TP!$B:$B,MATCH(AF11,TINH_TP!$A:$A,0)),"") | AI11: =IF(OR(AF11="",AH11=""),"",IF(COUNTIFS(PHUONG_XA!$A$2:$A$3323,AH11,PHUONG_XA!$C$2:$C$3323,AF11)=0,"",INDEX(PHUONG_XA!$B$2:$B$3323,SUMPRODUCT((PHUONG_XA!$A$2:$A$3323&""=AH11&"")*(PHUONG_XA!$C$2:$C$3323&""=AF11&"")*(ROW(PHUONG_XA!$A$2:$A$3323)-ROW(PHUONG_XA!$A$2)+1))))) | AL11: =IF(OR(AI11="",AG11=""),"",SUBSTITUTE(SUBSTITUTE(AI11,"Phường","P."),"Xã","X.")&", "&SUBSTITUTE(SUBSTITUTE(AG11,"Thành phố","TP."),"Tỉnh","T.")) | AT11: =IF(ISNUMBER(MATCH(AU11,LOAI_THE!$B:$B,0)),INDEX(LOAI_THE!$A:$A,MATCH(AU11,LOAI_THE!$B:$B,0)),"")
A12: 9 | G12: =IF(ISNUMBER(MATCH(H12,GIOI_TINH!$B:$B,0)),INDEX(GIOI_TINH!$A:$A,MATCH(H12,GIOI_TINH!$B:$B,0)),"") | J12: =IF(ISNUMBER(MATCH(K12,QUOC_GIA!$B:$B,0)),INDEX(QUOC_GIA!$A:$A,MATCH(K12,QUOC_GIA!$B:$B,0)),"") | M12: =IF(ISNUMBER(MATCH(N12,LOAI_THUE!$B:$B,0)),INDEX(LOAI_THUE!$A:$A,MATCH(N12,LOAI_THUE!$B:$B,0)),"") | O12: =IF(ISNUMBER(MATCH(P12,CHI_TIET_LOAI_KH!$B:$B,0)),INDEX(CHI_TIET_LOAI_KH!$A:$A,MATCH(P12,CHI_TIET_LOAI_KH!$B:$B,0)),"") | Q12: =IF(ISNUMBER(MATCH(R12,NGHE_NGHIEP!$B:$B,0)),INDEX(NGHE_NGHIEP!$A:$A,MATCH(R12,NGHE_NGHIEP!$B:$B,0)),"") | S12: =IF(ISNUMBER(MATCH(T12,LOAI_ID!$B:$B,0)),INDEX(LOAI_ID!$A:$A,MATCH(T12,LOAI_ID!$B:$B,0)),"") | AA12: =IFERROR(INDEX(NOI_CAP!$B:$B,MATCH(Z12,NOI_CAP!$A:$A,0)),"") | AB12: =IF(ISNUMBER(MATCH(AC12,LOAI_DIA_CHI!$B:$B,0)),INDEX(LOAI_DIA_CHI!$A:$A,MATCH(AC12,LOAI_DIA_CHI!$B:$B,0)),"") | AD12: =IF(ISNUMBER(MATCH(AE12,QUOC_GIA!$B:$B,0)),INDEX(QUOC_GIA!$A:$A,MATCH(AE12,QUOC_GIA!$B:$B,0)),"") | AG12: =IFERROR(INDEX(TINH_TP!$B:$B,MATCH(AF12,TINH_TP!$A:$A,0)),"") | AI12: =IF(OR(AF12="",AH12=""),"",IF(COUNTIFS(PHUONG_XA!$A$2:$A$3323,AH12,PHUONG_XA!$C$2:$C$3323,AF12)=0,"",INDEX(PHUONG_XA!$B$2:$B$3323,SUMPRODUCT((PHUONG_XA!$A$2:$A$3323&""=AH12&"")*(PHUONG_XA!$C$2:$C$3323&""=AF12&"")*(ROW(PHUONG_XA!$A$2:$A$3323)-ROW(PHUONG_XA!$A$2)+1))))) | AL12: =IF(OR(AI12="",AG12=""),"",SUBSTITUTE(SUBSTITUTE(AI12,"Phường","P."),"Xã","X.")&", "&SUBSTITUTE(SUBSTITUTE(AG12,"Thành phố","TP."),"Tỉnh","T.")) | AT12: =IF(ISNUMBER(MATCH(AU12,LOAI_THE!$B:$B,0)),INDEX(LOAI_THE!$A:$A,MATCH(AU12,LOAI_THE!$B:$B,0)),"")
A13: 10 | G13: =IF(ISNUMBER(MATCH(H13,GIOI_TINH!$B:$B,0)),INDEX(GIOI_TINH!$A:$A,MATCH(H13,GIOI_TINH!$B:$B,0)),"") | J13: =IF(ISNUMBER(MATCH(K13,QUOC_GIA!$B:$B,0)),INDEX(QUOC_GIA!$A:$A,MATCH(K13,QUOC_GIA!$B:$B,0)),"") | M13: =IF(ISNUMBER(MATCH(N13,LOAI_THUE!$B:$B,0)),INDEX(LOAI_THUE!$A:$A,MATCH(N13,LOAI_THUE!$B:$B,0)),"") | O13: =IF(ISNUMBER(MATCH(P13,CHI_TIET_LOAI_KH!$B:$B,0)),INDEX(CHI_TIET_LOAI_KH!$A:$A,MATCH(P13,CHI_TIET_LOAI_KH!$B:$B,0)),"") | Q13: =IF(ISNUMBER(MATCH(R13,NGHE_NGHIEP!$B:$B,0)),INDEX(NGHE_NGHIEP!$A:$A,MATCH(R13,NGHE_NGHIEP!$B:$B,0)),"") | S13: =IF(ISNUMBER(MATCH(T13,LOAI_ID!$B:$B,0)),INDEX(LOAI_ID!$A:$A,MATCH(T13,LOAI_ID!$B:$B,0)),"") | AA13: =IFERROR(INDEX(NOI_CAP!$B:$B,MATCH(Z13,NOI_CAP!$A:$A,0)),"") | AB13: =IF(ISNUMBER(MATCH(AC13,LOAI_DIA_CHI!$B:$B,0)),INDEX(LOAI_DIA_CHI!$A:$A,MATCH(AC13,LOAI_DIA_CHI!$B:$B,0)),"") | AD13: =IF(ISNUMBER(MATCH(AE13,QUOC_GIA!$B:$B,0)),INDEX(QUOC_GIA!$A:$A,MATCH(AE13,QUOC_GIA!$B:$B,0)),"") | AG13: =IFERROR(INDEX(TINH_TP!$B:$B,MATCH(AF13,TINH_TP!$A:$A,0)),"") | AI13: =IF(OR(AF13="",AH13=""),"",IF(COUNTIFS(PHUONG_XA!$A$2:$A$3323,AH13,PHUONG_XA!$C$2:$C$3323,AF13)=0,"",INDEX(PHUONG_XA!$B$2:$B$3323,SUMPRODUCT((PHUONG_XA!$A$2:$A$3323&""=AH13&"")*(PHUONG_XA!$C$2:$C$3323&""=AF13&"")*(ROW(PHUONG_XA!$A$2:$A$3323)-ROW(PHUONG_XA!$A$2)+1))))) | AL13: =IF(OR(AI13="",AG13=""),"",SUBSTITUTE(SUBSTITUTE(AI13,"Phường","P."),"Xã","X.")&", "&SUBSTITUTE(SUBSTITUTE(AG13,"Thành phố","TP."),"Tỉnh","T.")) | AT13: =IF(ISNUMBER(MATCH(AU13,LOAI_THE!$B:$B,0)),INDEX(LOAI_THE!$A:$A,MATCH(AU13,LOAI_THE!$B:$B,0)),"")
A14: 11 | G14: =IF(ISNUMBER(MATCH(H14,GIOI_TINH!$B:$B,0)),INDEX(GIOI_TINH!$A:$A,MATCH(H14,GIOI_TINH!$B:$B,0)),"") | J14: =IF(ISNUMBER(MATCH(K14,QUOC_GIA!$B:$B,0)),INDEX(QUOC_GIA!$A:$A,MATCH(K14,QUOC_GIA!$B:$B,0)),"") | M14: =IF(ISNUMBER(MATCH(N14,LOAI_THUE!$B:$B,0)),INDEX(LOAI_THUE!$A:$A,MATCH(N14,LOAI_THUE!$B:$B,0)),"") | O14: =IF(ISNUMBER(MATCH(P14,CHI_TIET_LOAI_KH!$B:$B,0)),INDEX(CHI_TIET_LOAI_KH!$A:$A,MATCH(P14,CHI_TIET_LOAI_KH!$B:$B,0)),"") | Q14: =IF(ISNUMBER(MATCH(R14,NGHE_NGHIEP!$B:$B,0)),INDEX(NGHE_NGHIEP!$A:$A,MATCH(R14,NGHE_NGHIEP!$B:$B,0)),"") | S14: =IF(ISNUMBER(MATCH(T14,LOAI_ID!$B:$B,0)),INDEX(LOAI_ID!$A:$A,MATCH(T14,LOAI_ID!$B:$B,0)),"") | AA14: =IFERROR(INDEX(NOI_CAP!$B:$B,MATCH(Z14,NOI_CAP!$A:$A,0)),"") | AB14: =IF(ISNUMBER(MATCH(AC14,LOAI_DIA_CHI!$B:$B,0)),INDEX(LOAI_DIA_CHI!$A:$A,MATCH(AC14,LOAI_DIA_CHI!$B:$B,0)),"") | AD14: =IF(ISNUMBER(MATCH(AE14,QUOC_GIA!$B:$B,0)),INDEX(QUOC_GIA!$A:$A,MATCH(AE14,QUOC_GIA!$B:$B,0)),"") | AG14: =IFERROR(INDEX(TINH_TP!$B:$B,MATCH(AF14,TINH_TP!$A:$A,0)),"") | AI14: =IF(OR(AF14="",AH14=""),"",IF(COUNTIFS(PHUONG_XA!$A$2:$A$3323,AH14,PHUONG_XA!$C$2:$C$3323,AF14)=0,"",INDEX(PHUONG_XA!$B$2:$B$3323,SUMPRODUCT((PHUONG_XA!$A$2:$A$3323&""=AH14&"")*(PHUONG_XA!$C$2:$C$3323&""=AF14&"")*(ROW(PHUONG_XA!$A$2:$A$3323)-ROW(PHUONG_XA!$A$2)+1))))) | AL14: =IF(OR(AI14="",AG14=""),"",SUBSTITUTE(SUBSTITUTE(AI14,"Phường","P."),"Xã","X.")&", "&SUBSTITUTE(SUBSTITUTE(AG14,"Thành phố","TP."),"Tỉnh","T.")) | AT14: =IF(ISNUMBER(MATCH(AU14,LOAI_THE!$B:$B,0)),INDEX(LOAI_THE!$A:$A,MATCH(AU14,LOAI_THE!$B:$B,0)),"")
A15: 12 | G15: =IF(ISNUMBER(MATCH(H15,GIOI_TINH!$B:$B,0)),INDEX(GIOI_TINH!$A:$A,MATCH(H15,GIOI_TINH!$B:$B,0)),"") | J15: =IF(ISNUMBER(MATCH(K15,QUOC_GIA!$B:$B,0)),INDEX(QUOC_GIA!$A:$A,MATCH(K15,QUOC_GIA!$B:$B,0)),"") | M15: =IF(ISNUMBER(MATCH(N15,LOAI_THUE!$B:$B,0)),INDEX(LOAI_THUE!$A:$A,MATCH(N15,LOAI_THUE!$B:$B,0)),"") | O15: =IF(ISNUMBER(MATCH(P15,CHI_TIET_LOAI_KH!$B:$B,0)),INDEX(CHI_TIET_LOAI_KH!$A:$A,MATCH(P15,CHI_TIET_LOAI_KH!$B:$B,0)),"") | Q15: =IF(ISNUMBER(MATCH(R15,NGHE_NGHIEP!$B:$B,0)),INDEX(NGHE_NGHIEP!$A:$A,MATCH(R15,NGHE_NGHIEP!$B:$B,0)),"") | S15: =IF(ISNUMBER(MATCH(T15,LOAI_ID!$B:$B,0)),INDEX(LOAI_ID!$A:$A,MATCH(T15,LOAI_ID!$B:$B,0)),"") | AA15: =IFERROR(INDEX(NOI_CAP!$B:$B,MATCH(Z15,NOI_CAP!$A:$A,0)),"") | AB15: =IF(ISNUMBER(MATCH(AC15,LOAI_DIA_CHI!$B:$B,0)),INDEX(LOAI_DIA_CHI!$A:$A,MATCH(AC15,LOAI_DIA_CHI!$B:$B,0)),"") | AD15: =IF(ISNUMBER(MATCH(AE15,QUOC_GIA!$B:$B,0)),INDEX(QUOC_GIA!$A:$A,MATCH(AE15,QUOC_GIA!$B:$B,0)),"") | AG15: =IFERROR(INDEX(TINH_TP!$B:$B,MATCH(AF15,TINH_TP!$A:$A,0)),"") | AI15: =IF(OR(AF15="",AH15=""),"",IF(COUNTIFS(PHUONG_XA!$A$2:$A$3323,AH15,PHUONG_XA!$C$2:$C$3323,AF15)=0,"",INDEX(PHUONG_XA!$B$2:$B$3323,SUMPRODUCT((PHUONG_XA!$A$2:$A$3323&""=AH15&"")*(PHUONG_XA!$C$2:$C$3323&""=AF15&"")*(ROW(PHUONG_XA!$A$2:$A$3323)-ROW(PHUONG_XA!$A$2)+1))))) | AL15: =IF(OR(AI15="",AG15=""),"",SUBSTITUTE(SUBSTITUTE(AI15,"Phường","P."),"Xã","X.")&", "&SUBSTITUTE(SUBSTITUTE(AG15,"Thành phố","TP."),"Tỉnh","T.")) | AT15: =IF(ISNUMBER(MATCH(AU15,LOAI_THE!$B:$B,0)),INDEX(LOAI_THE!$A:$A,MATCH(AU15,LOAI_THE!$B:$B,0)),"")
A16: 13 | G16: =IF(ISNUMBER(MATCH(H16,GIOI_TINH!$B:$B,0)),INDEX(GIOI_TINH!$A:$A,MATCH(H16,GIOI_TINH!$B:$B,0)),"") | J16: =IF(ISNUMBER(MATCH(K16,QUOC_GIA!$B:$B,0)),INDEX(QUOC_GIA!$A:$A,MATCH(K16,QUOC_GIA!$B:$B,0)),"") | M16: =IF(ISNUMBER(MATCH(N16,LOAI_THUE!$B:$B,0)),INDEX(LOAI_THUE!$A:$A,MATCH(N16,LOAI_THUE!$B:$B,0)),"") | O16: =IF(ISNUMBER(MATCH(P16,CHI_TIET_LOAI_KH!$B:$B,0)),INDEX(CHI_TIET_LOAI_KH!$A:$A,MATCH(P16,CHI_TIET_LOAI_KH!$B:$B,0)),"") | Q16: =IF(ISNUMBER(MATCH(R16,NGHE_NGHIEP!$B:$B,0)),INDEX(NGHE_NGHIEP!$A:$A,MATCH(R16,NGHE_NGHIEP!$B:$B,0)),"") | S16: =IF(ISNUMBER(MATCH(T16,LOAI_ID!$B:$B,0)),INDEX(LOAI_ID!$A:$A,MATCH(T16,LOAI_ID!$B:$B,0)),"") | AA16: =IFERROR(INDEX(NOI_CAP!$B:$B,MATCH(Z16,NOI_CAP!$A:$A,0)),"") | AB16: =IF(ISNUMBER(MATCH(AC16,LOAI_DIA_CHI!$B:$B,0)),INDEX(LOAI_DIA_CHI!$A:$A,MATCH(AC16,LOAI_DIA_CHI!$B:$B,0)),"") | AD16: =IF(ISNUMBER(MATCH(AE16,QUOC_GIA!$B:$B,0)),INDEX(QUOC_GIA!$A:$A,MATCH(AE16,QUOC_GIA!$B:$B,0)),"") | AG16: =IFERROR(INDEX(TINH_TP!$B:$B,MATCH(AF16,TINH_TP!$A:$A,0)),"") | AI16: =IF(OR(AF16="",AH16=""),"",IF(COUNTIFS(PHUONG_XA!$A$2:$A$3323,AH16,PHUONG_XA!$C$2:$C$3323,AF16)=0,"",INDEX(PHUONG_XA!$B$2:$B$3323,SUMPRODUCT((PHUONG_XA!$A$2:$A$3323&""=AH16&"")*(PHUONG_XA!$C$2:$C$3323&""=AF16&"")*(ROW(PHUONG_XA!$A$2:$A$3323)-ROW(PHUONG_XA!$A$2)+1))))) | AL16: =IF(OR(AI16="",AG16=""),"",SUBSTITUTE(SUBSTITUTE(AI16,"Phường","P."),"Xã","X.")&", "&SUBSTITUTE(SUBSTITUTE(AG16,"Thành phố","TP."),"Tỉnh","T.")) | AT16: =IF(ISNUMBER(MATCH(AU16,LOAI_THE!$B:$B,0)),INDEX(LOAI_THE!$A:$A,MATCH(AU16,LOAI_THE!$B:$B,0)),"")
A17: 14 | G17: =IF(ISNUMBER(MATCH(H17,GIOI_TINH!$B:$B,0)),INDEX(GIOI_TINH!$A:$A,MATCH(H17,GIOI_TINH!$B:$B,0)),"") | J17: =IF(ISNUMBER(MATCH(K17,QUOC_GIA!$B:$B,0)),INDEX(QUOC_GIA!$A:$A,MATCH(K17,QUOC_GIA!$B:$B,0)),"") | M17: =IF(ISNUMBER(MATCH(N17,LOAI_THUE!$B:$B,0)),INDEX(LOAI_THUE!$A:$A,MATCH(N17,LOAI_THUE!$B:$B,0)),"") | O17: =IF(ISNUMBER(MATCH(P17,CHI_TIET_LOAI_KH!$B:$B,0)),INDEX(CHI_TIET_LOAI_KH!$A:$A,MATCH(P17,CHI_TIET_LOAI_KH!$B:$B,0)),"") | Q17: =IF(ISNUMBER(MATCH(R17,NGHE_NGHIEP!$B:$B,0)),INDEX(NGHE_NGHIEP!$A:$A,MATCH(R17,NGHE_NGHIEP!$B:$B,0)),"") | S17: =IF(ISNUMBER(MATCH(T17,LOAI_ID!$B:$B,0)),INDEX(LOAI_ID!$A:$A,MATCH(T17,LOAI_ID!$B:$B,0)),"") | AA17: =IFERROR(INDEX(NOI_CAP!$B:$B,MATCH(Z17,NOI_CAP!$A:$A,0)),"") | AB17: =IF(ISNUMBER(MATCH(AC17,LOAI_DIA_CHI!$B:$B,0)),INDEX(LOAI_DIA_CHI!$A:$A,MATCH(AC17,LOAI_DIA_CHI!$B:$B,0)),"") | AD17: =IF(ISNUMBER(MATCH(AE17,QUOC_GIA!$B:$B,0)),INDEX(QUOC_GIA!$A:$A,MATCH(AE17,QUOC_GIA!$B:$B,0)),"") | AG17: =IFERROR(INDEX(TINH_TP!$B:$B,MATCH(AF17,TINH_TP!$A:$A,0)),"") | AI17: =IF(OR(AF17="",AH17=""),"",IF(COUNTIFS(PHUONG_XA!$A$2:$A$3323,AH17,PHUONG_XA!$C$2:$C$3323,AF17)=0,"",INDEX(PHUONG_XA!$B$2:$B$3323,SUMPRODUCT((PHUONG_XA!$A$2:$A$3323&""=AH17&"")*(PHUONG_XA!$C$2:$C$3323&""=AF17&"")*(ROW(PHUONG_XA!$A$2:$A$3323)-ROW(PHUONG_XA!$A$2)+1))))) | AL17: =IF(OR(AI17="",AG17=""),"",SUBSTITUTE(SUBSTITUTE(AI17,"Phường","P."),"Xã","X.")&", "&SUBSTITUTE(SUBSTITUTE(AG17,"Thành phố","TP."),"Tỉnh","T.")) | AT17: =IF(ISNUMBER(MATCH(AU17,LOAI_THE!$B:$B,0)),INDEX(LOAI_THE!$A:$A,MATCH(AU17,LOAI_THE!$B:$B,0)),"")
... A503: 500 | G503: =IF(ISNUMBER(MATCH(H503,GIOI_TINH!$B:$B,0)),INDEX(GIOI_TINH!$A:$A,MATCH(H503,GIOI_TINH!$B:$B,0)),"") | J503: =IF(ISNUMBER(MATCH(K503,QUOC_GIA!$B:$B,0)),INDEX(QUOC_GIA!$A:$A,MATCH(K503,QUOC_GIA!$B:$B,0)),"") | M503: =IF(ISNUMBER(MATCH(N503,LOAI_THUE!$B:$B,0)),INDEX(LOAI_THUE!$A:$A,MATCH(N503,LOAI_THUE!$B:$B,0)),"") | O503: =IF(ISNUMBER(MATCH(P503,CHI_TIET_LOAI_KH!$B:$B,0)),INDEX(CHI_TIET_LOAI_KH!$A:$A,MATCH(P503,CHI_TIET_LOAI_KH!$B:$B,0)),"") | Q503: =IF(ISNUMBER(MATCH(R503,NGHE_NGHIEP!$B:$B,0)),INDEX(NGHE_NGHIEP!$A:$A,MATCH(R503,NGHE_NGHIEP!$B:$B,0)),"") | S503: =IF(ISNUMBER(MATCH(T503,LOAI_ID!$B:$B,0)),INDEX(LOAI_ID!$A:$A,MATCH(T503,LOAI_ID!$B:$B,0)),"") | AA503: =IFERROR(INDEX(NOI_CAP!$B:$B,MATCH(Z503,NOI_CAP!$A:$A,0)),"") | AB503: =IF(ISNUMBER(MATCH(AC503,LOAI_DIA_CHI!$B:$B,0)),INDEX(LOAI_DIA_CHI!$A:$A,MATCH(AC503,LOAI_DIA_CHI!$B:$B,0)),"") | AD503: =IF(ISNUMBER(MATCH(AE503,QUOC_GIA!$B:$B,0)),INDEX(QUOC_GIA!$A:$A,MATCH(AE503,QUOC_GIA!$B:$B,0)),"") | AG503: =IFERROR(INDEX(TINH_TP!$B:$B,MATCH(AF503,TINH_TP!$A:$A,0)),"") | AI503: =IF(OR(AF503="",AH503=""),"",IF(COUNTIFS(PHUONG_XA!$A$2:$A$3323,AH503,PHUONG_XA!$C$2:$C$3323,AF503)=0,"",INDEX(PHUONG_XA!$B$2:$B$3323,SUMPRODUCT((PHUONG_XA!$A$2:$A$3323&""=AH503&"")*(PHUONG_XA!$C$2:$C$3323&""=AF503&"")*(ROW(PHUONG_XA!$A$2:$A$3323)-ROW(PHUONG_XA!$A$2)+1))))) | AL503: =IF(OR(AI503="",AG503=""),"",SUBSTITUTE(SUBSTITUTE(AI503,"Phường","P."),"Xã","X.")&", "&SUBSTITUTE(SUBSTITUTE(AG503,"Thành phố","TP."),"Tỉnh","T.")) | AT503: =IF(ISNUMBER(MATCH(AU503,LOAI_THE!$B:$B,0)),INDEX(LOAI_THE!$A:$A,MATCH(AU503,LOAI_THE!$B:$B,0)),"")

Sheet TINH_TP
A1: CODE | B1: NAME | C1: COUNTRY_CODE
A2: 101 | B2: Thành phố Hà Nội | C2: VN
A3: 111 | B3: Tỉnh Tuyên Quang | C3: VN
A4: 131 | B4: Tỉnh Cao Bằng | C4: VN
A5: 141 | B5: Tỉnh Lạng Sơn | C5: VN
A6: 161 | B6: Tỉnh Thái Nguyên | C6: VN
A7: 181 | B7: Tỉnh Lào Cai | C7: VN
A8: 191 | B8: Tỉnh Điện Biên | C8: VN
A9: 201 | B9: Tỉnh Sơn La | C9: VN
A10: 211 | B10: Tỉnh Lai Châu | C10: VN
A11: 221 | B11: Thành phố Quảng Ninh | C11: VN
A12: 231 | B12: Tỉnh Hải Phòng | C12: VN
... A35: 721 | B35: Tỉnh Cà Mau | C35: VN

Sheet PHUONG_XA
A1: CODE | B1: NAME | C1: CITY_CODE
A2: 1010001 | B2: Phường Ba Đình | C2: 101
A3: 1010002 | B3: Phường Bạch Mai | C3: 101
A4: 1010003 | B4: Phường Bồ Đề | C4: 101
A5: 1010004 | B5: Phường Cầu Giấy | C5: 101
A6: 1010005 | B6: Phường Chương Mỹ | C6: 101
A7: 1010006 | B7: Phường Cửa Nam | C7: 101
A8: 1010007 | B8: Phường Đại Mỗ | C8: 101
A9: 1010008 | B9: Phường Định Công | C9: 101
A10: 1010009 | B10: Phường Đống Đa | C10: 101
A11: 1010010 | B11: Phường Đông Ngạc | C11: 101
A12: 1010011 | B12: Phường Dương Nội | C12: 101
... A3323: 7210064 | B3323: Xã Vĩnh Thanh | C3323: 721

Sheet NOI_CAP
A1: Code | B1: Name
A2: 298 | B2: UBND Tỉnh Điện Biên
A3: 299 | B3: UBND Tỉnh Đắc Nông
A4: 300 | B4: UBND Tỉnh Hậu Giang
A5: 301 | B5: Công an Tỉnh Điện Biên
A6: 302 | B6: Công an Tỉnh Đắk Nông
A7: 176 | B7: Cục thuế TP Hà Nội
A8: 177 | B8: Cục thuế Tỉnh Tuyên Quang
A9: 178 | B9: Cục thuế Tỉnh Hà Giang
A10: 179 | B10: Cục thuế Tỉnh Cao Bằng
A11: 180 | B11: Cục thuế Tỉnh Lạng sơn
A12: 181 | B12: Cục thuế Tỉnh Bắc Kạn
... A3701: 360 | B3701: Công an cửa khẩu

Sheet QUOC_GIA
A1: CODE | B1: NAME
A2: VN | B2: VIETNAM

Sheet GIOI_TINH
A1: Code | B1: Name
A2: 01 | B2: Nam
A3: 02 | B3: Nữ

Sheet LOAI_DIA_CHI
A1: CODE | B1: NAME
A2: 01 | B2: Nơi ở
A3: 02 | B3: Nơi làm việc

Sheet LOAI_THUE
A1: Code | B1: Name
A2: 1001 | B2: Cá nhân
A3: 5012 | B3: Khác

Sheet CHI_TIET_LOAI_KH
A1: Code | B1: Name
A2: 101 | B2: Tư nhân
A3: 104 | B3: Cá nhân EKYC
A4: 105 | B4: Cá nhân ATM EKYC

Sheet NGHE_NGHIEP
A1: Code | B1: Name
A2: 10 | B2: Kĩ sư
A3: 11 | B3: Công an
A4: 12 | B4: Bộ đội
A5: 13 | B5: Luật sư, nhà chuyên môn về luật
A6: 14 | B6: Kế toán thuế
A7: 16 | B7: Hướng dẫn viên du lịch
A8: 17 | B8: Tiếp viên hàng không
A9: 18 | B9: Chủ tich/ Giám đốc Cty TNHH
A10: 19 | B10: Chủ tịch/ Giám đốc Cty CP không niêm yết
A11: 20 | B11: Học sinh
A12: 21 | B12: Kinh doanh môi giới BĐS
... A23: 99 | B23: Khác

Sheet LOAI_ID
A1: Code | B1: Name
A2: 01 | B2: Chứng minh thư/Thẻ căn cước công dân

Sheet TINH_TRANG_CU_TRU
A1: CODE | B1: NAME
A2: Y | B2: Cư trú
A3: N | B3: Không cư trú

Sheet LOAI_TIEN_GUI
A1: CODE | B1: NAME
A2: 205 | B2: Tiền gửi thanh toán cá nhân

Sheet DOI_TUONG_MIEN_PHI
A1: CODE | B1: NAME
A2: 1 | B2: Miễn phí PHT đối tượng KH chi trả lương, trợ cấp BHXH - VB 4242/NHNo-KHCN
A3: 2 | B3: Miễn phí PHT đối tượng KH vay vốn tại Agribank - VB 4242/NHNo-KHCN
A4: 3 | B4: Miễn phí PHT đối tượng KH Sinh viên học tại cơ sở có ký HĐ với Agribank - VB 4242/NHNo-KHCN
A5: 4 | B5: Miễn phí PHT đối tượng KH Học sinh lớp 12 các trường THPT - VB 4242/NHNo-KHCN
A6: 5 | B6: Miễn phí PHT đối tượng KH Chủ hộ kinh doanh - VB 4242/NHNo-KHCN
A7: 6 | B7: Miễn phí PHT đối tượng KH hưởng chính sách ASXH (Mã SP thẻ: 97040543) - VB 4242/NHNo-KHCN
A8: 7 | B8: Miễn phí PHT đối tượng KH thuộc ĐA NNNT (Mã SP thẻ: 97040526) - VB 4242/NHNo-KHCN
A9: 8 | B9: Miễn phí PHT đối tượng KH áp dụng Chương trình cho vay "Lương ổn định - ưu đãi nhân đôi"
A10: 9 | B10: Miễn phí PHT đối tượng KH áp dụng Chương trình cho vay "Vốn lớn dài lâu - Kinh doanh bền vững"
A11: 10 | B11: Miễn phí Phát hành đối tượng nghi ngờ sao chép dữ liệu - VB 983/NHNo-TCKT
A12: 11 | B12: Văn bản khác (Theo VB của Chi nhánh, ....)
A13: 12 | B13: Văn bản khác (Theo thông báo TSC, ....)
A14: 13 | B14: Miễn phí PHT đối tượng KH thuộc hệ sinh thái Vinamilk - VB 12392/NHNo-KHDN
A15: 14 | B15: Miễn phí PHT đối tượng KH Sinh viên - VB 14266/NHNo-KHCN

Sheet LOAI_THE
A1: CODE | B1: NAME
A2: Success | B2: Thẻ ghi nợ nội địa Success hạng chuẩn
A3: PSuccess | B3: Thẻ ghi nợ nội địa Plus Success hạng vàng
A4: NNC | B4: Thẻ ghi nợ nội địa Success hạng chuẩn - Đối tượng KH Dự án NNNT
A5: ASXH | B5: Thẻ ghi nợ nội địa Success hạng chuẩn - Đối tượng KH ASXH

Sheet CARD
A1: Hình thức nhận | B1: CODE | C1: NAME | E1: Hình thức phát hành | F1: CODE | G1: NAME | I1: Bảo hiểm ABIC | J1: CODE | K1: NAME
B2: SITE | C2: Nhận tại ngân hàng | F2: NORMAL | G2: Thường | J2: 1 | K2: Có
B3: POST | C3: Nhận tại bưu điện | F3: FAST | G3: Nhanh | J3: 0 | K3: Không

Sheet TEMPLATE_HYPERLOGY
A1: Agribank@123#!a | B1: BATCH_CIF
